<?xml version="1.0" encoding="UTF-8"?>
<project-private xmlns="http://www.netbeans.org/ns/project-private/1">
    <editor-bookmarks xmlns="http://www.netbeans.org/ns/editor-bookmarks/2" lastBookmarkId="0"/>
    <open-files xmlns="http://www.netbeans.org/ns/projectui-open-files/2">
        <group>
            <file>file:/E:/Documents/Spring%202016/CSE%20216/Scrum%20Masters/Scrum-Masters-Inc/ProtoGUI/src/proto/Orders.java</file>
            <file>file:/E:/Documents/Spring%202016/CSE%20216/Scrum%20Masters/Scrum-Masters-Inc/ProtoGUI/src/proto/NewSale.java</file>
            <file>file:/E:/Documents/Spring%202016/CSE%20216/Scrum%20Masters/Scrum-Masters-Inc/ProtoGUI/src/modeltest/Register.java</file>
            <file>file:/E:/Documents/Spring%202016/CSE%20216/Scrum%20Masters/Scrum-Masters-Inc/ProtoGUI/src/modeltest/Store.java</file>
            <file>file:/E:/Documents/Spring%202016/CSE%20216/Scrum%20Masters/Scrum-Masters-Inc/ProtoGUI/src/proto/Total.java</file>
            <file>file:/E:/Documents/Spring%202016/CSE%20216/Scrum%20Masters/Scrum-Masters-Inc/ProtoGUI/src/modeltest/Sale.java</file>
            <file>file:/E:/Documents/Spring%202016/CSE%20216/Scrum%20Masters/Scrum-Masters-Inc/ProtoGUI/src/modeltest/SalesLineItem.java</file>
            <file>file:/E:/Documents/Spring%202016/CSE%20216/Scrum%20Masters/Scrum-Masters-Inc/ProtoGUI/src/modeltest/ProductDescription.java</file>
        </group>
    </open-files>
</project-private>
